uid,updated_at,used
241517,2025-06-18,false
467585,2025-06-18,false
352897,2025-06-18,false
405495,2025-06-18,false
199167,2025-06-18,false
570088,2025-06-18,false
713242,2025-06-18,false
254726,2025-06-18,false
539320,2025-06-18,false
869490,2025-06-18,false
194294,2025-06-18,false
344970,2025-06-18,false
968101,2025-06-18,false
526642,2025-06-18,false
634392,2025-06-18,false
754793,2025-06-18,false
225824,2025-06-18,false
779908,2025-06-18,false
122365,2025-06-18,false
249765,2025-06-18,false
960619,2025-06-18,false
914645,2025-06-18,false
769230,2025-06-18,false
798502,2025-06-18,false
547537,2025-06-18,false
445584,2025-06-18,false
665359,2025-06-18,false
995241,2025-06-18,false
527651,2025-06-18,false
364909,2025-06-18,false
164656,2025-06-18,false
769514,2025-06-18,false
723869,2025-06-18,false
543723,2025-06-18,false
933047,2025-06-18,false
324649,2025-06-18,false
158811,2025-06-18,false
502868,2025-06-18,false
834765,2025-06-18,false
261651,2025-06-18,false
550001,2025-06-18,false
363467,2025-06-18,false
345161,2025-06-18,false
895216,2025-06-18,false
917642,2025-06-18,false
187980,2025-06-18,false
627543,2025-06-18,false
808200,2025-06-18,false
943305,2025-06-18,false
283353,2025-06-18,false
268099,2025-06-18,false
362217,2025-06-18,false
532298,2025-06-18,false
327974,2025-06-18,false
148057,2025-06-18,false
809716,2025-06-18,false
281046,2025-06-18,false
337008,2025-06-18,false
154280,2025-06-18,false
135554,2025-06-18,false
320841,2025-06-18,false
219963,2025-06-18,false
157585,2025-06-18,false
287561,2025-06-18,false
458360,2025-06-18,false
656067,2025-06-18,false
120545,2025-06-18,false
933496,2025-06-18,false
793233,2025-06-18,false
486483,2025-06-18,false
157692,2025-06-18,false
886018,2025-06-18,false
726830,2025-06-18,false
125665,2025-06-18,false
387223,2025-06-18,false
344293,2025-06-18,false
377027,2025-06-18,false
730395,2025-06-18,false
285082,2025-06-18,false
778642,2025-06-18,false
239384,2025-06-18,false
146921,2025-06-18,false
700621,2025-06-18,false
623417,2025-06-18,false
243835,2025-06-18,false
293572,2025-06-18,false
418988,2025-06-18,false
977569,2025-06-18,false
793694,2025-06-18,false
140051,2025-06-18,false
155490,2025-06-18,false
288678,2025-06-18,false
688342,2025-06-18,false
576478,2025-06-18,false
843403,2025-06-18,false
854383,2025-06-18,false
848560,2025-06-18,false
824963,2025-06-18,false
190066,2025-06-18,false
366283,2025-06-18,false
345782,2025-06-18,false
813325,2025-06-18,false
293173,2025-06-18,false
970352,2025-06-18,false
879369,2025-06-18,false
250157,2025-06-18,false
869732,2025-06-18,false
107604,2025-06-18,false
719611,2025-06-18,false
567049,2025-06-18,false
797455,2025-06-18,false
780308,2025-06-18,false
545139,2025-06-18,false
781028,2025-06-18,false
450292,2025-06-18,false
413541,2025-06-18,false
855792,2025-06-18,false
348131,2025-06-18,false
167299,2025-06-18,false
672779,2025-06-18,false
754950,2025-06-18,false
151245,2025-06-18,false
528661,2025-06-18,false
196859,2025-06-18,false
920551,2025-06-18,false
692097,2025-06-18,false
386566,2025-06-18,false
614006,2025-06-18,false
615702,2025-06-18,false
906197,2025-06-18,false
921112,2025-06-18,false
865315,2025-06-18,false
477964,2025-06-18,false
844924,2025-06-18,false
560287,2025-06-18,false
388007,2025-06-18,false
144575,2025-06-18,false
553852,2025-06-18,false
639953,2025-06-18,false
181100,2025-06-18,false
597994,2025-06-18,false
737436,2025-06-18,false
240822,2025-06-18,false
892176,2025-06-18,false
720471,2025-06-18,false
830191,2025-06-18,false
218249,2025-06-18,false
805171,2025-06-18,false
311075,2025-06-18,false
773092,2025-06-18,false
926477,2025-06-18,false
752041,2025-06-18,false
622508,2025-06-18,false
904300,2025-06-18,false
208770,2025-06-18,false
996038,2025-06-18,false
170740,2025-06-18,false
140225,2025-06-18,false
209008,2025-06-18,false
963830,2025-06-18,false
375279,2025-06-18,false
186878,2025-06-18,false
254238,2025-06-18,false
747174,2025-06-18,false
399595,2025-06-18,false
809310,2025-06-18,false
364131,2025-06-18,false
988297,2025-06-18,false
538553,2025-06-18,false
813893,2025-06-18,false
367698,2025-06-18,false
248258,2025-06-18,false
278179,2025-06-18,false
399739,2025-06-18,false
862860,2025-06-18,false
311079,2025-06-18,false
363854,2025-06-18,false
447869,2025-06-18,false
980708,2025-06-18,false
356010,2025-06-18,false
602031,2025-06-18,false
800448,2025-06-18,false
426231,2025-06-18,false
567864,2025-06-18,false
659054,2025-06-18,false
426792,2025-06-18,false
417784,2025-06-18,false
552834,2025-06-18,false
934382,2025-06-18,false
460792,2025-06-18,false
423162,2025-06-18,false
383314,2025-06-18,false
842726,2025-06-18,false
646147,2025-06-18,false
777035,2025-06-18,false
965232,2025-06-18,false
363221,2025-06-18,false
178710,2025-06-18,false
904825,2025-06-18,false
784792,2025-06-18,false
970765,2025-06-18,false
639706,2025-06-18,false
817412,2025-06-18,false
342752,2025-06-18,false
112856,2025-06-18,false
244114,2025-06-18,false
166779,2025-06-18,false
878746,2025-06-18,false
289264,2025-06-18,false
248176,2025-06-18,false
153222,2025-06-18,false
261590,2025-06-18,false
475102,2025-06-18,false
533137,2025-06-18,false
286615,2025-06-18,false
123448,2025-06-18,false
987264,2025-06-18,false
857619,2025-06-18,false
232609,2025-06-18,false
976698,2025-06-18,false
724126,2025-06-18,false
560782,2025-06-18,false
433308,2025-06-18,false
623135,2025-06-18,false
430051,2025-06-18,false
355839,2025-06-18,false
423523,2025-06-18,false
146533,2025-06-18,false
725031,2025-06-18,false
885004,2025-06-18,false
747666,2025-06-18,false
630001,2025-06-18,false
863395,2025-06-18,false
216425,2025-06-18,false
926799,2025-06-18,false
993997,2025-06-18,false
567751,2025-06-18,false
883743,2025-06-18,false
497251,2025-06-18,false
841594,2025-06-18,false
468480,2025-06-18,false
743489,2025-06-18,false
915564,2025-06-18,false
804206,2025-06-18,false
608113,2025-06-18,false
499093,2025-06-18,false
289069,2025-06-18,false
676924,2025-06-18,false
742012,2025-06-18,false
842806,2025-06-18,false
530411,2025-06-18,false
158237,2025-06-18,false
896949,2025-06-18,false
343177,2025-06-18,false
723060,2025-06-18,false
182138,2025-06-18,false
180319,2025-06-18,false
911187,2025-06-18,false
960883,2025-06-18,false
207534,2025-06-18,false
375611,2025-06-18,false
856387,2025-06-18,false
624470,2025-06-18,false
811978,2025-06-18,false
866523,2025-06-18,false
749782,2025-06-18,false
954855,2025-06-18,false
439104,2025-06-18,false
568753,2025-06-18,false
436354,2025-06-18,false
516813,2025-06-18,false
431327,2025-06-18,false
786862,2025-06-18,false
197789,2025-06-18,false
879445,2025-06-18,false
942490,2025-06-18,false
792620,2025-06-18,false
488024,2025-06-18,false
775276,2025-06-18,false
876568,2025-06-18,false
346226,2025-06-18,false
359756,2025-06-18,false
455779,2025-06-18,false
809739,2025-06-18,false
292830,2025-06-18,false
407263,2025-06-18,false
117675,2025-06-18,false
489444,2025-06-18,false
134750,2025-06-18,false
786284,2025-06-18,false
538106,2025-06-18,false
530034,2025-06-18,false
818120,2025-06-18,false
362725,2025-06-18,false
175254,2025-06-18,false
316889,2025-06-18,false
103712,2025-06-18,false
497963,2025-06-18,false
651385,2025-06-18,false
169994,2025-06-18,false
339236,2025-06-18,false
580886,2025-06-18,false
549220,2025-06-18,false
220555,2025-06-18,false
820985,2025-06-18,false
875517,2025-06-18,false
205713,2025-06-18,false
254558,2025-06-18,false
979053,2025-06-18,false
379623,2025-06-18,false
652978,2025-06-18,false
388926,2025-06-18,false
510610,2025-06-18,false
986783,2025-06-18,false
298888,2025-06-18,false
280074,2025-06-18,false
653375,2025-06-18,false
897686,2025-06-18,false
794899,2025-06-18,false
113336,2025-06-18,false
248116,2025-06-18,false
236724,2025-06-18,false
865609,2025-06-18,false
507642,2025-06-18,false
907839,2025-06-18,false
815812,2025-06-18,false
982611,2025-06-18,false
240800,2025-06-18,false
587842,2025-06-18,false
585623,2025-06-18,false
919929,2025-06-18,false
622794,2025-06-18,false
582930,2025-06-18,false
542922,2025-06-18,false
697907,2025-06-18,false
697774,2025-06-18,false
684190,2025-06-18,false
857100,2025-06-18,false
554161,2025-06-18,false
508824,2025-06-18,false
155418,2025-06-18,false
909898,2025-06-18,false
916639,2025-06-18,false
755238,2025-06-18,false
978506,2025-06-18,false
211364,2025-06-18,false
644831,2025-06-18,false
571895,2025-06-18,false
853001,2025-06-18,false
841994,2025-06-18,false
604612,2025-06-18,false
972766,2025-06-18,false
108314,2025-06-18,false
935349,2025-06-18,false
613710,2025-06-18,false
680351,2025-06-18,false
679163,2025-06-18,false
995627,2025-06-18,false
795395,2025-06-18,false
489780,2025-06-18,false
566373,2025-06-18,false
454085,2025-06-18,false
160309,2025-06-18,false
668446,2025-06-18,false
700205,2025-06-18,false
867073,2025-06-18,false
157631,2025-06-18,false
478962,2025-06-18,false
662714,2025-06-18,false
124872,2025-06-18,false
396253,2025-06-18,false
353169,2025-06-18,false
748478,2025-06-18,false
470103,2025-06-18,false
926116,2025-06-18,false
257737,2025-06-18,false
131166,2025-06-18,false
703653,2025-06-18,false
392923,2025-06-18,false
447882,2025-06-18,false
823311,2025-06-18,false
296128,2025-06-18,false
734168,2025-06-18,false
228940,2025-06-18,false
215361,2025-06-18,false
748912,2025-06-18,false
766093,2025-06-18,false
465533,2025-06-18,false
825529,2025-06-18,false
276377,2025-06-18,false
674381,2025-06-18,false
677469,2025-06-18,false
805466,2025-06-18,false
559957,2025-06-18,false
207565,2025-06-18,false
388897,2025-06-18,false
946414,2025-06-18,false
228862,2025-06-18,false
681402,2025-06-18,false
705120,2025-06-18,false
675190,2025-06-18,false
188732,2025-06-18,false
794163,2025-06-18,false
134306,2025-06-18,false
689389,2025-06-18,false
522863,2025-06-18,false
897088,2025-06-18,false
882015,2025-06-18,false
136531,2025-06-18,false
733069,2025-06-18,false
770028,2025-06-18,false
715101,2025-06-18,false
377776,2025-06-18,false
952956,2025-06-18,false
404801,2025-06-18,false
808599,2025-06-18,false
262153,2025-06-18,false
231285,2025-06-18,false
264168,2025-06-18,false
912593,2025-06-18,false
874668,2025-06-18,false
115448,2025-06-18,false
125030,2025-06-18,false
487306,2025-06-18,false
845970,2025-06-18,false
264213,2025-06-18,false
224357,2025-06-18,false
806505,2025-06-18,false
630871,2025-06-18,false
551570,2025-06-18,false
196748,2025-06-18,false
805444,2025-06-18,false
917731,2025-06-18,false
859322,2025-06-18,false
581103,2025-06-18,false
623924,2025-06-18,false
925818,2025-06-18,false
936978,2025-06-18,false
358272,2025-06-18,false
770804,2025-06-18,false
995172,2025-06-18,false
640105,2025-06-18,false
703548,2025-06-18,false
829339,2025-06-18,false
134678,2025-06-18,false
499426,2025-06-18,false
293506,2025-06-18,false
300342,2025-06-18,false
293968,2025-06-18,false
379177,2025-06-18,false
337019,2025-06-18,false
589526,2025-06-18,false
801090,2025-06-18,false
989250,2025-06-18,false
660706,2025-06-18,false
751365,2025-06-18,false
394762,2025-06-18,false
491520,2025-06-18,false
543248,2025-06-18,false
743750,2025-06-18,false
746440,2025-06-18,false
639782,2025-06-18,false
761433,2025-06-18,false
331343,2025-06-18,false
893706,2025-06-18,false
797710,2025-06-18,false
844725,2025-06-18,false
123468,2025-06-18,false
265185,2025-06-18,false
209669,2025-06-18,false
609553,2025-06-18,false
941763,2025-06-18,false
658259,2025-06-18,false
180021,2025-06-18,false
896900,2025-06-18,false
720939,2025-06-18,false
739568,2025-06-18,false
696091,2025-06-18,false
704814,2025-06-18,false
565341,2025-06-18,false
367904,2025-06-18,false
134269,2025-06-18,false
343566,2025-06-18,false
723088,2025-06-18,false
868712,2025-06-18,false
879682,2025-06-18,false
764677,2025-06-18,false
126116,2025-06-18,false
129634,2025-06-18,false
594771,2025-06-18,false
472525,2025-06-18,false
737119,2025-06-18,false
765003,2025-06-18,false
942908,2025-06-18,false
245817,2025-06-18,false
705860,2025-06-18,false
213172,2025-06-18,false
168596,2025-06-18,false
234501,2025-06-18,false
208939,2025-06-18,false
214772,2025-06-18,false
193576,2025-06-18,false
960075,2025-06-18,false
931029,2025-06-18,false
800668,2025-06-18,false
610962,2025-06-18,false
115499,2025-06-18,false
258612,2025-06-18,false
417294,2025-06-18,false
276852,2025-06-18,false
741196,2025-06-18,false
719161,2025-06-18,false
854825,2025-06-18,false
874759,2025-06-18,false
314779,2025-06-18,false
841037,2025-06-18,false
744970,2025-06-18,false
515809,2025-06-18,false
611092,2025-06-18,false
287390,2025-06-18,false
646571,2025-06-18,false
721138,2025-06-18,false
459948,2025-06-18,false
790234,2025-06-18,false
401278,2025-06-18,false
707575,2025-06-18,false
180409,2025-06-18,false
523648,2025-06-18,false
134934,2025-06-18,false
544706,2025-06-18,false
164844,2025-06-18,false
789605,2025-06-18,false
198400,2025-06-18,false
770099,2025-06-18,false
658288,2025-06-18,false
859412,2025-06-18,false
413198,2025-06-18,false
201777,2025-06-18,false
215378,2025-06-18,false
664604,2025-06-18,false
301376,2025-06-18,false
636780,2025-06-18,false
283367,2025-06-18,false
112293,2025-06-18,false
575003,2025-06-18,false
927596,2025-06-18,false
826259,2025-06-18,false
422140,2025-06-18,false
691411,2025-06-18,false
260651,2025-06-18,false
637781,2025-06-18,false
334362,2025-06-18,false
309901,2025-06-18,false
976508,2025-06-18,false
200962,2025-06-18,false
244603,2025-06-18,false
176152,2025-06-18,false
859434,2025-06-18,false
257712,2025-06-18,false
297484,2025-06-18,false
925520,2025-06-18,false
597001,2025-06-18,false
828503,2025-06-18,false
285941,2025-06-18,false
496093,2025-06-18,false
897297,2025-06-18,false
912757,2025-06-18,false
373247,2025-06-18,false
778205,2025-06-18,false
714027,2025-06-18,false
424513,2025-06-18,false
743397,2025-06-18,false
615411,2025-06-18,false
359178,2025-06-18,false
213567,2025-06-18,false
505476,2025-06-18,false
152576,2025-06-18,false
152536,2025-06-18,false
558484,2025-06-18,false
423088,2025-06-18,false
323123,2025-06-18,false
244654,2025-06-18,false
781617,2025-06-18,false
148049,2025-06-18,false
427096,2025-06-18,false
896249,2025-06-18,false
692304,2025-06-18,false
532537,2025-06-18,false
172071,2025-06-18,false
486669,2025-06-18,false
443441,2025-06-18,false
155761,2025-06-18,false
276841,2025-06-18,false
214963,2025-06-18,false
271854,2025-06-18,false
418647,2025-06-18,false
359717,2025-06-18,false
674536,2025-06-18,false
892377,2025-06-18,false
941069,2025-06-18,false
965848,2025-06-18,false
296768,2025-06-18,false
485351,2025-06-18,false
970364,2025-06-18,false
355136,2025-06-18,false
796106,2025-06-18,false
151964,2025-06-18,false
776703,2025-06-18,false
616824,2025-06-18,false
229247,2025-06-18,false
251947,2025-06-18,false
720721,2025-06-18,false
693848,2025-06-18,false
890787,2025-06-18,false
933400,2025-06-18,false
383224,2025-06-18,false
247454,2025-06-18,false
752566,2025-06-18,false
706155,2025-06-18,false
142595,2025-06-18,false
771428,2025-06-18,false
933364,2025-06-18,false
993202,2025-06-18,false
792981,2025-06-18,false
573832,2025-06-18,false
932621,2025-06-18,false
951281,2025-06-18,false
778583,2025-06-18,false
312472,2025-06-18,false
878219,2025-06-18,false
663949,2025-06-18,false
566416,2025-06-18,false
520950,2025-06-18,false
566020,2025-06-18,false
593940,2025-06-18,false
157727,2025-06-18,false
533201,2025-06-18,false
181300,2025-06-18,false
405921,2025-06-18,false
726509,2025-06-18,false
831128,2025-06-18,false
758275,2025-06-18,false
952892,2025-06-18,false
888475,2025-06-18,false
984532,2025-06-18,false
194126,2025-06-18,false
121506,2025-06-18,false
486695,2025-06-18,false
983781,2025-06-18,false
850791,2025-06-18,false
587301,2025-06-18,false
243924,2025-06-18,false
917351,2025-06-18,false
705080,2025-06-18,false
387428,2025-06-18,false
532285,2025-06-18,false
138349,2025-06-18,false
602849,2025-06-18,false
434496,2025-06-18,false
381074,2025-06-18,false
770397,2025-06-18,false
316852,2025-06-18,false
133682,2025-06-18,false
964816,2025-06-18,false
347935,2025-06-18,false
136432,2025-06-18,false
908192,2025-06-18,false
546776,2025-06-18,false
713159,2025-06-18,false
229126,2025-06-18,false
915092,2025-06-18,false
219242,2025-06-18,false
249665,2025-06-18,false
500600,2025-06-18,false
168613,2025-06-18,false
287314,2025-06-18,false
658774,2025-06-18,false
549727,2025-06-18,false
889975,2025-06-18,false
108464,2025-06-18,false
475710,2025-06-18,false
615327,2025-06-18,false
660446,2025-06-18,false
663947,2025-06-18,false
422417,2025-06-18,false
805814,2025-06-18,false
305108,2025-06-18,false
200755,2025-06-18,false
922658,2025-06-18,false
124327,2025-06-18,false
533335,2025-06-18,false
706073,2025-06-18,false
486016,2025-06-18,false
342128,2025-06-18,false
322906,2025-06-18,false
512001,2025-06-18,false
213369,2025-06-18,false
461192,2025-06-18,false
883938,2025-06-18,false
747632,2025-06-18,false
819769,2025-06-18,false
430172,2025-06-18,false
475352,2025-06-18,false
826146,2025-06-18,false
862138,2025-06-18,false
146437,2025-06-18,false
559346,2025-06-18,false
616741,2025-06-18,false
702131,2025-06-18,false
915862,2025-06-18,false
389152,2025-06-18,false
267418,2025-06-18,false
265645,2025-06-18,false
788539,2025-06-18,false
764172,2025-06-18,false
770256,2025-06-18,false
684706,2025-06-18,false
945643,2025-06-18,false
977661,2025-06-18,false
152470,2025-06-18,false
659279,2025-06-18,false
517056,2025-06-18,false
847139,2025-06-18,false
685713,2025-06-18,false
922783,2025-06-18,false
193452,2025-06-18,false
302889,2025-06-18,false
789496,2025-06-18,false
412423,2025-06-18,false
121232,2025-06-18,false
861042,2025-06-18,false
122425,2025-06-18,false
322046,2025-06-18,false
954094,2025-06-18,false
469183,2025-06-18,false
386702,2025-06-18,false
153179,2025-06-18,false
198989,2025-06-18,false
222818,2025-06-18,false
405563,2025-06-18,false
151885,2025-06-18,false
509411,2025-06-18,false
275213,2025-06-18,false
533989,2025-06-18,false
799646,2025-06-18,false
651115,2025-06-18,false
805415,2025-06-18,false
245049,2025-06-18,false
596071,2025-06-18,false
966895,2025-06-18,false
904417,2025-06-18,false
151014,2025-06-18,false
396909,2025-06-18,false
955086,2025-06-18,false
385899,2025-06-18,false
724573,2025-06-18,false
623516,2025-06-18,false
399770,2025-06-18,false
821683,2025-06-18,false
262131,2025-06-18,false
646060,2025-06-18,false
306086,2025-06-18,false
137749,2025-06-18,false
194560,2025-06-18,false
423588,2025-06-18,false
494476,2025-06-18,false
167999,2025-06-18,false
538809,2025-06-18,false
536255,2025-06-18,false
589894,2025-06-18,false
678759,2025-06-18,false
222489,2025-06-18,false
483603,2025-06-18,false
286466,2025-06-18,false
800275,2025-06-18,false
252937,2025-06-18,false
393196,2025-06-18,false
156825,2025-06-18,false
927889,2025-06-18,false
814549,2025-06-18,false
922718,2025-06-18,false
208422,2025-06-18,false
772154,2025-06-18,false
533423,2025-06-18,false
161456,2025-06-18,false
265995,2025-06-18,false
957891,2025-06-18,false
255755,2025-06-18,false
859705,2025-06-18,false
544056,2025-06-18,false
886762,2025-06-18,false
349187,2025-06-18,false
551332,2025-06-18,false
871039,2025-06-18,false
784817,2025-06-18,false
789681,2025-06-18,false
986557,2025-06-18,false
695092,2025-06-18,false
241631,2025-06-18,false
218543,2025-06-18,false
720245,2025-06-18,false
974581,2025-06-18,false
176359,2025-06-18,false
476911,2025-06-18,false
658616,2025-06-18,false
380679,2025-06-18,false
649519,2025-06-18,false
969692,2025-06-18,false
878441,2025-06-18,false
383214,2025-06-18,false
922925,2025-06-18,false
757051,2025-06-18,false
200494,2025-06-18,false
659067,2025-06-18,false
342402,2025-06-18,false
227343,2025-06-18,false
871416,2025-06-18,false
633425,2025-06-18,false
591785,2025-06-18,false
533347,2025-06-18,false
557084,2025-06-18,false
130796,2025-06-18,false
118550,2025-06-18,false
942139,2025-06-18,false
407009,2025-06-18,false
105992,2025-06-18,false
947431,2025-06-18,false
388582,2025-06-18,false
133672,2025-06-18,false
544180,2025-06-18,false
978848,2025-06-18,false
270687,2025-06-18,false
429579,2025-06-18,false
588207,2025-06-18,false
592216,2025-06-18,false
355406,2025-06-18,false
852998,2025-06-18,false
121079,2025-06-18,false
122858,2025-06-18,false
769903,2025-06-18,false
179626,2025-06-18,false
571694,2025-06-18,false
295301,2025-06-18,false
470733,2025-06-18,false
248837,2025-06-18,false
592532,2025-06-18,false
770911,2025-06-18,false
773468,2025-06-18,false
578401,2025-06-18,false
349385,2025-06-18,false
434995,2025-06-18,false
795294,2025-06-18,false
801800,2025-06-18,false
212060,2025-06-18,false
120281,2025-06-18,false
869710,2025-06-18,false
128791,2025-06-18,false
874951,2025-06-18,false
775578,2025-06-18,false
991393,2025-06-18,false
162519,2025-06-18,false
514600,2025-06-18,false
664712,2025-06-18,false
361919,2025-06-18,false
827353,2025-06-18,false
493130,2025-06-18,false
928323,2025-06-18,false
560530,2025-06-18,false
608497,2025-06-18,false
420445,2025-06-18,false
743463,2025-06-18,false
602842,2025-06-18,false
677087,2025-06-18,false
538175,2025-06-18,false
366169,2025-06-18,false
464094,2025-06-18,false
123035,2025-06-18,false
471953,2025-06-18,false
421442,2025-06-18,false
916397,2025-06-18,false
548037,2025-06-18,false
605587,2025-06-18,false
360054,2025-06-18,false
903138,2025-06-18,false
466335,2025-06-18,false
612595,2025-06-18,false
319745,2025-06-18,false
306195,2025-06-18,false
890540,2025-06-18,false
798777,2025-06-18,false
115545,2025-06-18,false
785597,2025-06-18,false
705291,2025-06-18,false
129546,2025-06-18,false
810448,2025-06-18,false
556982,2025-06-18,false
587091,2025-06-18,false
304231,2025-06-18,false
426248,2025-06-18,false
735255,2025-06-18,false
203707,2025-06-18,false
591554,2025-06-18,false
385127,2025-06-18,false
865043,2025-06-18,false
781418,2025-06-18,false
550997,2025-06-18,false
319927,2025-06-18,false
480536,2025-06-18,false
708176,2025-06-18,false
427901,2025-06-18,false
214653,2025-06-18,false
420461,2025-06-18,false
731532,2025-06-18,false
422921,2025-06-18,false
810714,2025-06-18,false
768353,2025-06-18,false
812314,2025-06-18,false
500338,2025-06-18,false
400630,2025-06-18,false
172151,2025-06-18,false
406674,2025-06-18,false
466152,2025-06-18,false
282391,2025-06-18,false
286370,2025-06-18,false
412856,2025-06-18,false
208388,2025-06-18,false
879846,2025-06-18,false
513633,2025-06-18,false
112519,2025-06-18,false
864362,2025-06-18,false
179613,2025-06-18,false
466219,2025-06-18,false
621518,2025-06-18,false
140674,2025-06-18,false
122943,2025-06-18,false
807045,2025-06-18,false
125426,2025-06-18,false
650628,2025-06-18,false
747913,2025-06-18,false
402402,2025-06-18,false
138158,2025-06-18,false
517642,2025-06-18,false
944734,2025-06-18,false
244080,2025-06-18,false
279269,2025-06-18,false
571442,2025-06-18,false
544793,2025-06-18,false
772706,2025-06-18,false
619912,2025-06-18,false
329257,2025-06-18,false
368185,2025-06-18,false
211997,2025-06-18,false
975002,2025-06-18,false
821029,2025-06-18,false
743223,2025-06-18,false
200407,2025-06-18,false
834757,2025-06-18,false
363680,2025-06-18,false
321315,2025-06-18,false
606343,2025-06-18,false
617942,2025-06-18,false
969339,2025-06-18,false
762379,2025-06-18,false
186542,2025-06-18,false
712933,2025-06-18,false
284487,2025-06-18,false
153101,2025-06-18,false
141212,2025-06-18,false
461691,2025-06-18,false
501178,2025-06-18,false
954691,2025-06-18,false
445119,2025-06-18,false
874885,2025-06-18,false
844552,2025-06-18,false
436893,2025-06-18,false
335560,2025-06-18,false
170703,2025-06-18,false
546381,2025-06-18,false
273227,2025-06-18,false
286463,2025-06-18,false
548973,2025-06-18,false
671179,2025-06-18,false
995653,2025-06-18,false
878997,2025-06-18,false
799742,2025-06-18,false
894491,2025-06-18,false
646003,2025-06-18,false
699820,2025-06-18,false
997846,2025-06-18,false
479980,2025-06-18,false
797170,2025-06-18,false
723605,2025-06-18,false
770987,2025-06-18,false
534237,2025-06-18,false
110873,2025-06-18,false
460916,2025-06-18,false
750267,2025-06-18,false
817203,2025-06-18,false
445780,2025-06-18,false
395424,2025-06-18,false
812887,2025-06-18,false
652147,2025-06-18,false
980280,2025-06-18,false
716216,2025-06-18,false
915754,2025-06-18,false
916202,2025-06-18,false
544164,2025-06-18,false
416073,2025-06-18,false
168371,2025-06-18,false
918899,2025-06-18,false
737496,2025-06-18,false
197694,2025-06-18,false
420934,2025-06-18,false
637849,2025-06-18,false
309559,2025-06-18,false
941843,2025-06-18,false
614849,2025-06-18,false
280630,2025-06-18,false
797279,2025-06-18,false
316043,2025-06-18,false
127978,2025-06-18,false
546447,2025-06-18,false
146668,2025-06-18,false
743461,2025-06-18,false
836445,2025-06-18,false
193753,2025-06-18,false
151387,2025-06-18,false
701205,2025-06-18,false
644759,2025-06-18,false
100854,2025-06-18,false
830185,2025-06-18,false
140891,2025-06-18,false
160707,2025-06-18,false
227183,2025-06-18,false
947150,2025-06-18,false
511036,2025-06-18,false
759234,2025-06-18,false
226354,2025-06-18,false
921062,2025-06-18,false
970469,2025-06-18,false
958293,2025-06-18,false
164140,2025-06-18,false
926092,2025-06-18,false
926377,2025-06-18,false
244137,2025-06-18,false
712866,2025-06-18,false
368671,2025-06-18,false
219637,2025-06-18,false
694975,2025-06-18,false
253621,2025-06-18,false
863649,2025-06-18,false
564061,2025-06-18,false
786171,2025-06-18,false
136071,2025-06-18,false
990530,2025-06-18,false
784373,2025-06-18,false
171788,2025-06-18,false
120493,2025-06-18,false
516919,2025-06-18,false
171949,2025-06-18,false
436348,2025-06-18,false
487754,2025-06-18,false
788602,2025-06-18,false
479574,2025-06-18,false
301587,2025-06-18,false
235464,2025-06-18,false
801746,2025-06-18,false
481953,2025-06-18,false
901103,2025-06-18,false
368208,2025-06-18,false
111557,2025-06-18,false
907976,2025-06-18,false
930805,2025-06-18,false
457827,2025-06-18,false
421855,2025-06-18,false
912209,2025-06-18,false
581894,2025-06-18,false
408055,2025-06-18,false
387470,2025-06-18,false
780813,2025-06-18,false
809475,2025-06-18,false
242580,2025-06-18,false
120146,2025-06-18,false
322484,2025-06-18,false
897399,2025-06-18,false
162792,2025-06-18,false
394695,2025-06-18,false
306041,2025-06-18,false
107883,2025-06-18,false
815738,2025-06-18,false
206159,2025-06-18,false
224176,2025-06-18,false
620648,2025-06-18,false
893201,2025-06-18,false
314848,2025-06-18,false
686694,2025-06-18,false
795404,2025-06-18,false
265118,2025-06-18,false
146973,2025-06-18,false
604973,2025-06-18,false
327113,2025-06-18,false
804025,2025-06-18,false
124312,2025-06-18,false
271791,2025-06-18,false
333438,2025-06-18,false
899866,2025-06-18,false
622193,2025-06-18,false
498588,2025-06-18,false
875898,2025-06-18,false
788710,2025-06-18,false
219708,2025-06-18,false
863003,2025-06-18,false
346939,2025-06-18,false
997367,2025-06-18,false
560844,2025-06-18,false
791595,2025-06-18,false
247800,2025-06-18,false
437844,2025-06-18,false
805067,2025-06-18,false
758372,2025-06-18,false
128937,2025-06-18,false
566328,2025-06-18,false
620562,2025-06-18,false
767601,2025-06-18,false
947382,2025-06-18,false
610771,2025-06-18,false
753178,2025-06-18,false
364139,2025-06-18,false
248494,2025-06-18,false
665531,2025-06-18,false
222134,2025-06-18,false
826052,2025-06-18,false
382921,2025-06-18,false
673584,2025-06-18,false
996070,2025-06-18,false
576476,2025-06-18,false
180392,2025-06-18,false
471437,2025-06-18,false
337574,2025-06-18,false
757025,2025-06-18,false
292320,2025-06-18,false
127312,2025-06-18,false
329031,2025-06-18,false
297084,2025-06-18,false
401070,2025-06-18,false
529453,2025-06-18,false
788385,2025-06-18,false
358502,2025-06-18,false
537096,2025-06-18,false
